id,name,description,city,rating
0,Hotel Russo Palace,Good location away from the crouds,Mableton,4
57,Americas Best Value Inn,,Percival,0
58,Intermezzo,,Los Olivos,0
59,Studio 6,,Kenedy,0
60,Little Paradise Hotel,Hospitality at its Best!,Palm Springs,5
81,Comfort Suites,Home away from home,Houston,4
96,Thunderbird Executive Inn and Conference Center,Old Address For Thunderbird,Glendale,3
97,Little Belt Inn Neihart,,Neihart,0
99,Hawthorn Suites By Wyndham Livermore Wine Country,Nice rooms!,Livermore,3
184,Fairfield Inn By Marriott Binghamton,,Binghamton,4
247,Howard Johnson,,Sandusky,0
248,La Quinta,This hotel is a dump! Upon ch...,Beaumont,1
249,Days Inn El Reno Ok,"Hotels not bad, but not for an extended stay.",El Reno,3
280,Gresham Area Hotels,,Troutdale,0
281,Berney Fly Bed and Breakfast,Comfortable and safe,Mobile,5
318,Polynesian Plaza,Average,Honolulu,3
339,Hotel Vier Jahreszeiten KÜhlungsborn,Sch��ner Kurzurlaub,Harleigh,5
390,The Point,Yet Another Amazing Experience,Saranac Lake,5
402,The Houstonian Hotel,Why go anywhere else?,Houston,5
468,Best Western Plus Waterville Grand Hotel,Better than I expected,Waterville,4
803,The Amble Inn,,Fennville,0
804,Howard Johnson Inn Columbia,great hotel w a great price,Columbia,4
885,Osage Village Inn,,Osage Beach,5
902,Super 8 Columbia Dwntwn Sc,It's too far out,Columbia,2
924,The Kingsport Inn,,Kennebunkport,0
925,Azul Beach Hotel By Karisma Gourmet Inclusive,,Mont Belvieu,5
941,Red Roof Inn,Horrendous,Oklahoma City,1
943,Ocean Breeze Motel Apts,great week,Fort Lauderdale,4
945,Days Inn Branson / Near The Strip,good location - lackluster customer service,Branson,3
1002,Country Lodge Motel,Luther Family Weekend,Harmony,3
1040,Comfort Suites Southport,Not happy!!,Southport,2
1101,Ramada,,Laurel,0
1102,Ambassadors Inn and Suites,Time to relax.,Virginia Beach,5
1206,Tryp Dusseldorf Krefeld Hotel,Handy to west side of Dusseldorf,Terre Haute,4
1263,Rodeway Inn,,Newport,0
1264,Centennial Bed and Breakfast,"Awesome Location, Some Changes Recommended",Holland,3
1273,Americinn Lodge Suites Oscoda - Ausable River,Making awesome memories,Oscoda,5
1289,Bridgetown Mill House Restaurant Inn,Certified Tranformational Coach Practitioner and Reiki Practitioner,Langhorne,5
1300,Gran Melia Victoria,Superb,Clifton,5
1367,Kaier Mansion,,Mahanoy City,0
1368,The National Conference Center,Disgusting,Leesburg,1
1417,Holiday Inn Express & Suites Lenoir City (knoxville Area),fourth stay in five years,Lenoir City,4
1457,Economy Inn,Stay here if you have too.,Dillon,1
1488,"The Golden Hotel, An Ascend Hotel Collection Member",,Golden,0
1490,Glendale Gaslight Inn,Nice Nice,Glendale,3
1492,Super 8,,Hope,0
1495,Country Inn Walker,Great standard room,Walker,5
1575,Mt Gardner Inn,Excellent service - thank you!,Winthrop,5
1606,Hotel De La Ville,,Humeston,5
1668,Econo Lodge St Robert,,St. Robert,1
1702,La Quinta Inn & Suites Auburn,"Great property, less than satisfactory STAFF",Auburn,3
1750,"The Citizen Hotel, Autograph Collection",,Sacramento,5
1798,Super 8 Ithaca,Mixed feelings...,Ithaca,5
1875,Big Mountain Lodge,Pleasant experience,Whitefish,5
1926,Springhill Suites Columbia,"Great, as usually - only 1 minor detail",Columbia,5
2007,Sportsmen Motel,"My parents came to visit, and ...",Port Angeles,5
2008,North Country Inn B & B,Very spectacular convenient location.,Rangeley,5
2027,Days Inn Barstow,Not usual Days inn standards,Barstow,2
2032,Unionport Lodge No 333 F A M,,Bloomingdale,0
2033,Doubletree By Hilton Hotel Bay City - Riverfront,Very enjoyable stay .,Bay City,4
2260,Hilton Garden Inn Burlington Downtown,Worst visit ever,Burlington,1
2280,Doubletree By Hilton West Palm Beach Airport,Great stay in Palm Beach,West Palm Beach,5
2556,Courtyard Hattiesburg,Great hotel!!,Hattiesburg,5
2567,Janmere Motel,Good Motel for Family's and Children,Hampton,5
2577,Skidway Lake Motel,,Prescott,1
2583,El Cortez,Got Robbed from Staffers and Cops did nothing!,Pittsville,1
2593,Enchanted Castle Hotel,,Regent,5
2596,Extended Stay America - Chicago - Westmont - Oak Brook,Below average,Westmont,2
2662,Hometown Inn,Nice and Clean,Soddy Daisy,4
2690,Days Inn Brookings,Loud,Brookings,2
2743,Pheasant Manor,,Mott,0
2766,Durango Travelodge,,Durango,2
2841,Americinn Lodge and Suites,,Cody,0
2842,Residence Inn Billings,Rude lady in the hot tub...,Billings,5
2881,Best Western Plus Arlington North Hotel and Suites,Good stay,Grand Prairie,4
2945,Knights Inn,,Catonsville,0
2946,La Quinta Inn and Suites Tucson - Reid Park,Great staff!,Tucson,5
3020,Staybridge Suites Tyler University Area,Excellent,Tyler,5
3048,Country Inn and Suites By Carlson Corbin,"Clean, comfortable, friendly",Corbin,5
3135,Best Western Owasso Inn & Suites,"Easy access and friendly, courteous, and efficient staff.",Owasso,5
3150,Truckee Tahoe Htl Larkspur,,Larkspur,0
3152,Wyndham Resort At Fairfield Mountains,Wyndham at Rumbling Bald Resort,Lake Lure,5
3166,Quality Inn Spearfish,,Spearfish,3
3213,The White House Inn,,Pierce,0
3349,Budget Inn South,clean and comfertable,Fort Lauderdale,4
3352,Residence Inn By Marriott Irvine John Wayne Airport,Wonderful Staff BUT room for improvement,Irvine,3
3446,Blue Top Inn,Price is Right,Lamar,4
3456,Days Inn Warren,We enjoyed our stay.,Warren,5
3571,Budget Host Inn,"Large, clean room friendly staff everything we needed.",Detroit Lakes,5
3583,Desert Sands Motel,"Cheap hotel, nice price",Albuquerque,3
3592,Davison St Guest House,,Mammoth Lakes,0
3593,Travelodge,they said cheap,Oswego,1
3597,Chippewa Hotel,,Gaylord,0
3598,Martin Mason Hotel,Hotel with character!,Deadwood,5
3626,Comfort Inn and Suites O'fallon,Would not recommend,O Fallon,1
3673,La Quinta Inn & Suites Dublin,"Best Stay in Dublin, Georgia",Dublin,5
3750,Sheraton Mission Valley San Diego Hotel,,San Diego,4
3766,The Bluffs Inn Suites,WORST MOTEL EVER!!!!!,Decorah,1
3767,Astro Motel,Avoid at all times!!!,Waco,1
3768,Best Western Luxury Inn,Never Stay Here,Tracy,1
3802,Lakeview Lodge,,Ferriday,4
3805,Days Inn Marion,Don't stay here,Marion,2
3806,Protection Motel,,Protection,0
3807,Town Country Motel,FRESHLY UPDATED,Osage Beach,4
3826,Ramada Inn,,Forest City,0
3830,Holiday Inn Canyon De Chelly,Close to canyon de chelly,Chinle,4
3906,Lake Motel,"Updated rooms, right on the lake, walk to downtown! We'll be back!",Wolfeboro,5
3927,Arcola Inn,Don't Stay at the Arcola Inn,Arcola,1
3930,Landmark Inn Lakes-mountain Region,,Laconia,0
3931,Haltom Inn,Good nights stay,Haltom City,4
3956,Noyo Harbor Inn,,Fort Bragg,0
3957,Candlewood Suites West Springfield,Surprisingly Good,West Springfield,3
3981,Alyssa's Motel,,Casco,0
3982,Holiday Inn Express & Suites Portland,Nice hotel,Portland,4
4001,Royal Inn,Good comfortable hotel,Lovelock,3
4011,Columbia Gorge Riverside Lodge,,Stevenson,0
4014,Cypress Suites,,Cypress,0
4017,Eldorado Suites Hotel,Beautiful views!!,Bisbee,5
4076,Bent Elbow,Awful customer service,Silverton,1
4087,Penzion Accom,Budget special,Pasadena,4
4091,La Quinta Inn and Suites Sunrise,Lack of cleanliness.,Fort Lauderdale,2
4257,Americana Resort Properties,,Dillon,0
4258,Knights Inn Aiken,A good value,Aiken,3
4293,Inroads Ireland Tours,,Madison,5
4294,Mansfield Plantation Inc,Mansfield Serenity,Georgetown,5
4382,Deluxe Inn Merrillville,,Merrillville,1
4389,Super 8 Pittsburgh/monroeville,Good value for the money,Pittsburgh,4
4446,Townplace Suites By Marriott,,Elko,0
4447,Cadillac Motel,murder at motel,Brandywine,1
4505,Mainsail Motel & Cottages,Romantic weekend,Hampton,5
4558,Holiday Inn Express and Suites Canyonville,"Very nice hotel, close to freeway and casino",Canyonville,5
4611,Solstice,Over Priced Ghetto Hotel in Erie PA,Erie,1
4725,Country Inns Suites,,Iron Mountain,0
4727,Dead Broke Inn,,Young,0
4729,The Grove Seaside Hotel,,Glen Burnie,5
4743,Savaii Roberts Motels,,Guymon,0
4744,"The Alexandrian, Autograph Collection",Wonderful,Alexandria,5
5929,"Hotel Monaco Chicago, A Kimpton Hotel",Romance in the heart of Chicago,Chicago,5
5988,Holiday Inn Express Gatesville,,Gatesville,0
5989,Hilton Garden Inn Kauai Wailua Bay,Gutes Preis- Leistungsverh��ltnis Fr��hst��cksbuffet,Kapaa,4
6027,Holiday Inn Express Hotel and Suites Memphis Southwind,Great for the price,Memphis,4
6094,Mountain Lodge At Telluride - A Noble House Resort,Great location.. Room needs help,Telluride,3
6295,Hampton Inn New Orleans - Downtown,Mardi Gras,New Orleans,5
6362,Baymont Inn and Suites Enid,perfect location for work!,Enid,5
6492,Quality Inn & Suites,Rude stole from us,Denver,1
6543,Super 8 Carlisle-south,,Carlisle,0
6544,Americinn Coralville,Close to my friends in Oxford,Coralville,4
6654,Travelodge Shakopee,Better than before,Shakopee,5
6669,Hampton Inn Fayetteville Fort Bragg,,Fayetteville,5
6765,Cliff's Motor Inn,Absolutely one of the filthies...,Saint Leonard,1
6766,Days Inn & Suites Castle Rock,Good,Castle Rock,3
6868,Candlewood Suites Olathe,Pool Tournament getaway,Olathe,3
6880,Super 8 Alamosa,Super Service,Alamosa,4
6912,The Miner's Inn Motel Restaurant,,Viburnum,0
6913,Extended Stay America - Orlando Theme Parks - Vineland Rd.,Pleasant stay,Orlando,3
7006,White Cliff Manor Bed and Breakfast,Charming and relaxing.,Saint Mary,5
7016,Fiesta Inn Centro Historico,Safe and clean hotel,Bristol,4
7089,Pine Needles Golf Course,,Southern Pines,0
7090,Days Inn Bloomington,My review,Bloomington,4
7120,Fairfield Inn/suites-marriott,,Titusville,5
7129,Mandarin Oriental Jakarta,5 star hotel but challenge on location,Staten Island,4
7212,Barber Joyce,,Hobart,0
7213,Sunset Inn-yosemite Cabins,,Groveland,0
7214,Ramada Vandalia,,Vandalia,5
7299,Super 8 Elko Nv,The location is a little sketchy,Elko,3
7375,Hotel Borgo Verde,Bon hotel,San Jose,5
7415,Vista Hotel On Lake Tarpon,,Palm Harbor,4
7489,Miramar Boutique Hotel,Perfekt liten strand vid hotellet.,Manassas,4
7739,Red Carpet Inn,,Windom,3
7754,Adria Motor Inn,,Bayside,0
7755,Quality Inn and Suites,Bad,Bossier City,3
7832,Village Lodge,glad we tried this property,Ruidoso,4
7845,Super 8 Manhattan Ks,NEEDS AN UPDATE,Manhattan,3
7912,Olde Bridge Inn,,Caseyville,0
7913,Raintree Inn,thanks!!!! great stay.,Ada,5
7925,Garden Bed and Breakfast,A Cute BB,Deansboro,5
7929,Alpine Motel,alpine crew zone so you better watch out,Providence,5
7930,Wine Valley Lodge,Quiet with good location,Napa,4
8063,Hilton Garden Inn Austin Nw - Arboretum,"Ants, Ants, no apologies, No Service",Austin,1
8151,Pullman Rail Journeys,There's no place like dome !!,Chicago,5
8167,Motor Inns of America,Trip to Telico,Madisonville,3
8177,Profile Deluxe Motel,"Happily surprised. So cute, comfortable and convenient.",Twin Mountain,4
8200,American Star Inn and Suites Atlantic City,I will never go to this disgusting place again,Absecon,1
8266,Meadow Farm Bed and Breakfast,"Wonderful, warm, comfortable stay!",Northwood,4
8276,Days Inn Kuttawa,Basketball trip,Kuttawa,5
8304,Hotel Relais De Margaux Golf and Spa,hotel tres calme hors saison en tous les cas,Lake Worth,5
8478,Discovery Inn,,Midvale,2
8567,Old Saco Inn Bed & Breakfast,,Fryeburg,0
8569,Hotel Millersburg,2nd time here. Extremely clean. HUGE rooms.,Millersburg,5
8592,Springhill Suites,,Sevierville,0
8593,Stratford Inn,,Aberdeen,0
8594,Comfort Inn Livermore,,Livermore,3
8654,Body Tuneup,,Key West,0
8656,Tulip Inn Turin West,,New York,4
8688,Hotel Portaventura,Stomach Churning Rides & Stomach Turning Food,Stone Creek,4
8748,Hotel Olcott,This is no longer a hotel,New York,5
8750,Radisson Hotel Hauppauge-long Island,Nice hotel,Hauppauge,4
8773,Robins Roost Cabins,,Hill City,0
8774,Hampton Inn,,Memphis,0
8775,Candlewood Suites Huntersville,Came to visit my grandchildren,Huntersville,5
8842,Super 8 Longmont / Del Camino,f��r Kurzurlaun o.K.,Longmont,3
9114,Briarcliff,Modern Retro: wonderful hosts!,Great Barrington,5
9126,Lake Hill Cabins,,Athens,0
9127,Warwick Denver,,Denver,4
9199,Falls Motel,dont stay here if you can help it.,American Falls,1
9210,Holiday Inn Express Hotel and Stes Port Clinton-catawba Island,The pool was around 65 and the hot tub 78!,Port Clinton,1
9298,Berkshire By The Sea A Vri Resort,Great place to stay in Delray.,Delray Beach,5
9308,Days Inn Bangor Airport,,Bangor,3
9363,Fireline Hotel,,Palmerton,0
9367,Brooks Donald L Jr,,Strasburg,0
9368,Days Inn Geneva,No Elevator,Geneva,2
9374,Fh Hotel Villa Fiesole,relaxing,Ames,4
9431,Clarion Inn,Extended family get-together,Elk City,2
9445,The Litchfield Inn,,Pawleys Island,0
9459,Hotel Deca - A Noble House Hotel,Charles Bonner is a HERO!,Seattle,5
9696,Boiling Springs Resort Canoe Rental,Boiling Springs Review.,Licking,2
9700,Advance Motel,,Ironwood,1
9701,Edgewater Inn & Cottages,,Eagle River,0
9782,Pelican Shores Inn,Can't wait to come back next year!,Lincoln City,10
9885,Hyatt Place Utica,Hotel was convient to shopping and restaurants,Utica,4
9955,Hotel Roc Lago Rojo,,Abbeville,4
10013,Amisos Hotel,good place hotel,Naples,5
10045,Red Banks Motel,great home cumfprt,Fremont,5
10056,Intercontinental Hotels Resorts,,Lynnwood,0
10061,The Kinney - Venice Beach,Recommended for a business trip,Marina Del Rey,4
10109,Scenic View Motel,"This is the nicest, friendlies...",Bryson City,5
10112,Plaza Hotel and Casino - Las Vegas,,Las Vegas,4
10401,Monarch of Rancho Mirag,I am/was a resident of this facility,Rancho Mirage,4
10408,Seiling Motel,Welcome,Seiling,4
10415,Quality Inn Johnson City,Looked nice in lobby,Johnson City,2
10478,Fort Conde Inn,Had a wonderful stay!,Mobile,5
10507,Super 8 Dallas South,,Dallas,1
10564,Baymont Inn & Suites Griffin,great place to stay!,Griffin,5
10635,Holiday Inn Express - Harrisburg East,,Harrisburg,4
10749,Kilauea Lodge Restaurant,,Volcano,5
10750,Dallas/fort Worth Marriott Solana,Guests Enjoyed,Roanoke,4
10807,The Chestnut Boutique Hotel,Another Pleasant Stay!,Morgantown,5
10833,Red Fox Motel,,Lebanon,0
10862,Wyndham Vacation Resorts Towers On The Grove,Quiet Peaceful Resort,North Myrtle Beach,4
10882,America's Best Value Inn,,New Stanton,0
10883,Super 8 Kingston,Great two night stay for a great price,Kingston,5
10929,Leakey Springs Cabins,,Concan,0
10930,Hotel Mc Call,Wine bar and food,Mccall,3
10956,Super 8 Worthington Minnesota,,Worthington,2
11006,Quality Inn Near Six Flags,Nice place,Douglasville,4
11051,Americinn Lodge Suites Austin,Great customer service,Austin,5
11085,Mar Mar Resort Tackle,Mar Mar Resort,Bull Shoals,4
11089,Cambria Hotel & Suites,"Gorgeous rooms, delicious breakfast served with a smile :)",Roanoke,5
11169,Rideout's Lakeside Lodge Cottages,,Danforth,0
11170,Days Inn Ruther Glen Kings Dominion Area,Just Okay.,Ruther Glen,3
11224,Pueblo Bonito Sunset Beach Resort & Spa - All Inclusive,"Good view, tired d��cor.",Virginia Beach,3
11344,Turf Motel,casino fun,Charles Town,5
11377,Rangeland Court Motel & Rv,Awesome experience!!,Moorcroft,5
11387,Red Roof Inn St Louis - Troy,family trip,Troy,4
11479,Best Western Plus-seaport Inn,,New York,5
11483,Hampton Inn Abilene,Great for the price,Abilene,5
11605,Aspen Alps,Loved our stay!,Aspen,5
11616,Country Inn and Suites By Carlson,Nice location for our Mothers Day weekend.,Elkhart,4
11670,Main Street Bed & Breakfast,Perfect Place To Stay,Cooperstown,5
11695,Tidewater Inn,,West Yarmouth,4
11936,Uptown Motel,Would not recommend this motel,Cody,2
11943,Villa Carlotta,Beautiful property - just a bit out of the crowds,Medina,5
11993,Extended Stay America - Fort Lauderdale - Davie,Location needs update,Fort Lauderdale,2
12068,Spruce Meadow Cabins,,Jackman,0
12070,Silver Run Cabins,Very impressed!!!!,Yellville,5
12094,Jacksonville Plaza Hotel and Suites,Cute and clean,Jacksonville,4
12358,Hawthorn Suites Dayton North,Dingy Hotel,Dayton,2
12412,Suburban Extended Stay of Memphis Bartlett,Very bad,Memphis,1
12436,Knights Inn Durango Co,,Durango,0
12437,Homewood Suites - Mall of America,,Minneapolis,5
12495,Days Inn,,Woodstock,0
12589,Super 8 Cloquet,Nice for the price,Cloquet,4
12609,Extended Stay America - Rockford - I-90,Its on odd hotel chain,Rockford,2
12680,Bailey Hotel,,Bunkie,0
12681,Red Rest Inn,comfortable,Macon,5
12737,Colonial Inns of Ontario,"Friendly staff,clean rooms",Ontario,4
12738,Hotel Silken Siete Coronas,Great Hotel in a great location.,Norcross,5
12821,Corey Motel,,Sioux City,0
12822,Cherry Orchard Inn,A place to sleep......,Sunnyvale,1
12894,Hotel Vorbach,,Ashburn,4
12931,Eden Park Guest House,"Decent breakfast and bed, though not amazing",Takoma Park,3
12945,Lakeway Resort & Spa,Breathtaking View and Venue,Austin,5
13067,Knights Inn Amarillo Airport,Avr��des,Amarillo,1
13088,La Quinta Inn and Suites Nashville Franklin,Dog and People Friendly,Franklin,5
13215,Close For You,,Carnegie,0
13216,Blue Jay Motel,Top clean !!!,Hampton,5
13242,Chelsea Inn,Great stay,San Francisco,5
13375,Whiteface Chalet,,Wilmington,0
13377,Homewood Suites,,Columbus,0
13399,Great Basin Inn,Only motel room available - got a decent night's sleep,Ely,3
13410,Comfort Inn - Springfield,I chose to stay here every other week,Springfield,4
13494,Stirling City Hotel,,Stirling City,0
13495,Sombrero Resort and Marina,You get what you pay for.,Marathon,2
13597,Key West Inn - Clanton,Easy and Cheap to Lay Your Head Down for the Night,Clanton,4
13607,Days Inn West Memphis,Mediocre at best,West Memphis,3
13687,Worldwide Hospitality Supply Company,,Pompano Beach,0
13688,Plantation Inn,,Shreveport,1
13775,Sybaris Pool Suites,"This hotel was very nice, very...",Indianapolis,5
13781,Miss Kitty's Boarding House,,Statesville,0
13782,Sheraton Offenbach Hotel,Great front desk staff.,Northbrook,5
13836,Extended Stay America - Raleigh - Cary - Regency Parkway S,"Clean, up-to-date",Cary,4
13901,Suburban Extended Stay Warner Robins,N/a,Warner Robins,4
13920,Jvd Hotels,Last minute stay with no other options.,Batesville,2
13981,Pavilion Lodge,,Avalon,0
13984,Ritz Hotel,,San Francisco,0
13985,Arrowhead Motel and Rv Park,Very Nice,Ruidoso,5
13997,Parkside Inn At Incline,Good value for a basic clean room,Incline Village,3
14077,Saddleback Motor Inn,,Rangeley,0
14079,Holiday Inn Express Hotel and Suites Raleigh-wakefield,Family trip to Raleigh,Raleigh,4
14164,Arion,"Fantastisk onr��de, d��rlig mat, extremt overpriset",Ramey,3
14207,Una Hotel Forte Dei Marmi,Good family hotel.,Lake Elmo,5
14260,A Swallow's Nest Motel,,Vashon,0
14261,Canyon Gate Motel,Affordable and great location!!,Spearfish,4
14272,Cascabel,,Norwood,0
14273,Hampton Inn & Suites Fort Worth-west-i-30,Science Convention,Fort Worth,4
14376,Fireside Inn Santa Cruz,Terrible,Santa Cruz,1
14447,Mandarin Oriental Hotel Group,Great view but not on par with the competition,San Francisco,3
14448,Bellaire Motel Lodge,,Port Sanilac,0
14450,"Palomar Washington Dc, A Kimpton Hotel",Very Nice!!,Washington,4
14454,Bay Shores Yachttennisclub 514 2 Br Condo By Redawning,Excellent Vacation Building and Area!,Indian Rocks Beach,5
14465,Hilton Santo Domingo,Second time staying here,New York,5
14516,Atlantic House,The Atlantic house,Narragansett,4
14533,Frontier Cabins Motel,,Wall,0
14534,Samui Cliff View Resort & Spa,���������������NICE������������������,Eden,5
14558,Country Inn & Suites By Carlson,Thanksgiving night,Crystal Lake,5
14612,Best Western Holiday Hills,Solid without extras like fridge in room,Coalville,4
14679,Tiffany House Bed & Breakfast,,Redding,0
14680,Progress Management Co,,Albert Lea,0
14681,Norwood Inn and Suites,Receptionist,Burnsville,4
14746,Howard Johnson Inn - Newburgh,OK Room,Newburgh,3
15462,Holiday Inn Express Colton-riverside North,Happy,Colton,4
15553,La Quinta Inn Calhoun,Enjoyed our Stay,Calhoun,5
15639,Colonial Motel,,Manistique,0
15640,Fairfield Inn Saginaw,Great,Saginaw,4
15724,Extended Stay America Philadelphia - Exton,,Exton,0
15726,Saco River Recreational Council,,Fryeburg,0
15747,Wallowa Lake Vacation Rentals,,Enterprise,0
15748,Hotel Casena Dei Colli,Comfortable hotel on outskirts of Palermo,Palermo,4
15812,Chalet Leon At Hector Falls,,Burdett,0
15813,Fairfield Inn Suites Chattanooga South/east Ridge,This worked perfectly for a quick stopover,Chattanooga,4
15845,Midvalley Motel,,Archbald,0
15846,Ubaa Old Crawford Inn,Great local old school pub that welcomes new school people,Des Plaines,4
15847,Holiday Inn Express Hotel Suites Sedalia,Just what you'd expect from a HIE,Sedalia,4
15857,Hampton Inn & Suites Syracuse/carrier Circle,Beautiful New Building,East Syracuse,5
15878,Quality Inn and Suites Eugene-springfield,Nice quiet place,Springfield,5
15935,Four Points By Sheraton Memphis Southwind,Decent stay,Memphis,5
15951,Americinn Lodge Suites Princeton,New Year's Eve Success!!,Princeton,5
15998,Juniper Lane Guest House,Get the cabin!,Friday Harbor,5
16009,Bosselmans Pump Pantry Motel,Compared To OGALLALA,Burwell,2
16011,Harrah's Laughlin Hotel and Casino,,Laughlin,1
16119,Americas Best Value Inn and Suites,Terrible,Lees Summit,1
16171,Masters Inn,REALLY!!!!!!!!!!!!,Savannah,1
16173,The Westin Europa and Regina,"Great Location, Amazing Staff",Cave Spring,4
16228,Super 8 Opelousas,Great stay,Opelousas,5
16234,Melia Paris Champs-elys��es,,Irving,4
16288,Sci�� On Martin,,Washington,4
16300,Inn At The River,,East Wenatchee,0
16301,Country Inn and Suites By Carlson Charlotte University Place,Good Stay,Charlotte,4
16432,Sir Walter Raleigh Inns of Greenbelt,,College Park,0
16433,Gardena Terrace Inn,Beautiful enjoyment,Gardena,5
16564,Quality Suites Intercontinental Airport West,Great size room!,Houston,5
16633,1785 Inn,Very Sad to Say... Restaurant Closed. Apparently for good.,North Conway,4
16649,Best Western Knoxville Suites,,Knoxville,3
16727,The Jayakarta Bali,Great 3 star hotel,Arvada,3
16783,Holiday Inn Express Grove City (outlet Center),This is a wonderful Holiday Inn Express!,Mercer,5
16825,Hotel Aura Sfo,I will stay again,San Bruno,5
16923,Hampton Inn Bloomington West,,Bloomington,4
16974,Best Western Plus San Marcos Inn,,Morro Bay,4
17095,Budget Inn-santa Maria,,Santa Maria,1
17096,Equestrian Estates Horse Farm Bed and Breakfast,Would not go back,Lancaster,2
17109,Comfort Inn Deland - Near University,Very clean and comfortable place to stay in Deland,Deland,5
17169,Boardroom Motel,Disgusting,Oakland,2
17181,Carleton Hotel,,Carleton,0
17182,Wisconsin-aire Motel,"A hidden jewel, very nice!",Random Lake,5
17296,High Desert Motel,Adequate for price,Joshua Tree,3
17376,Best Western of Long Beach,Pretty good,Long Beach,4
17694,East Side Motel Cabins,What a pleasant surprise,Mobridge,5
17698,Comfort Suites Mount Vernon,Great place to overnight,Mount Vernon,5
17708,Holiday Inn Express & Suites Phoenix Downtown - Ballpark,Made trip easy!,Phoenix,5
17785,Holiday Inn Express Hotel Suites Cookeville,An average Holiday Inn,Huntsville,3
17787,Fairbridge Inn,"Nice location, Close to the airport & Glaciers",Kalispell,1
17853,Four Seasons Country Inn,Nice place,Glasgow,4
17870,Gooding Hotel Bed Breakfast,Only place to stay in Gooding!,Gooding,4
17881,Grand Hotel Cadenabbia,"Perfect location, dated Hotel though.",Griante,3
17937,Pillar Hotels Resorts,,Pleasanton,0
17938,Hotel An Der Philharmonie,"Rumoerig hotel, goede service, matig onderhouden.",Raymond,3
17999,Crestview Condominiums,The best vacation in Park city.,Park City,5
18011,Comfort Hotel Nation Pere Lachaise Paris 11,"Nettes Hotel, jedoch lieber nicht im Sommer",Carrollton,3
18067,Cedar Crest Inn,,Camden,0
18069,Spring Fountain Motel,,Bucksport,0
18070,Innisbrook,Hidden Gem,Palm Harbor,5
18131,Cougar Crest Lodge,"Decadent, relaxing, personal, perfect!!!",Coeur D Alene,5
18141,Springhill Suites By Marriott Sarasota Bradenton,"For a good price and lots for the money at an airport hotel, this is the place!",Sarasota,4
18219,Fairfield Inn and Suites By Marriott Plainville,Great place & great breakfast,Plainville,5
18291,Camelback Resort Aquatopia Indoor Waterpark,"Avoid in general, go to one of th eother resorts in the Poconos",Tannersville,1
18294,Marriott's Mountainside At Park City,Beautiful resort in a beautiful location.,Park City,5
18350,Fairfield Inn & Suites Atlanta Perimeter Center,,Atlanta,5
18434,Shoshone Lodge,,Cody,0
18435,Magton Inc,,Ocean City,0
18436,Quality Inn & Suites - Riverfront,,Oswego,0
18437,Super 8 Schenect/albany Area,Clean and the price was right,Schenectady,3
18521,Intown Suites El Paso,"Would rather sleep in a van, down by the river",El Paso,1
18528,Extended Stay America - Columbia - Northwest Harbison,College move in,Irmo,4
18602,Hilton San Diego Airport/harbor Island,,San Diego,2
18689,Candlewood Suites Oklahoma City-moore,Clean Rooms but could do with a refurb,Moore,4
18753,Holiday Inn Express & Suites Bay City,Solid Choice.,Bay City,4
18789,Western Inn-glacier Park,"for the price, go elsewhere",Columbia Falls,2
18860,Americinn Lodge & Suites Appleton,Great weekend getaway hotel!,Appleton,4
18891,Hampton Inn Sarasota - I-75 Bee Ridge,Still agsin plumbing problems,Sarasota,3
19058,Amerihost Inn,,Jeffersonville,0
19059,Country Inn and Suites By Carlson Galena,Great Place to stay,Galena,5
19206,Days Inn Suites,,Grinnell,0
19207,Hampton Inn Roanoke/salem,,Salem,5
19219,School House Motel,,North Conway,0
19220,1900 House,Fabulous BB,Narragansett,5
19234,Excellence Riviera Cancun - Adults Only - All Inclusive,Another Wonderful Time,Mont Belvieu,5
19298,Hyatt Centric Arlington,THE STAFF. and the award goes to?,Arlington,4
19308,Days Inn Bowling Green,Smelly stay,Bowling Green,1
19342,Hotel Metropole,,Lithia Springs,4
19416,Anglers Inn,Good hotel peaceful location but near centre.,Jackson,3
19488,Super 8 Crete Ne,,Crete,4
19527,H��tel Marinca and Spa,Cadre agr��able situ�� dans un beau site au calme,Manassas,3
19535,Hyatt Place Pittsburgh Cranberry,,Cranberry Twp,4
19737,El Dorado Seaside Suites By Karisma - All Inclusive,"Quiet, beautiful, relzxing.",Beaumont,5
19772,Courtyard San Marcos,Good,San Marcos,4
19782,Fairfield Inn Suites Spearfish,,Spearfish,0
19802,Best Western Hospitality Hotel and Suites,Good value. Courteous staff,Grand Rapids,4
19938,Hotel Adler Cavalieri,Central Florence Hotel,Humeston,4
19994,Royal Inn Motel,A Hospitable Place with Hospitable People,Petersburg,5
19998,Microtel Inn By Wyndham Knoxville,,Knoxville,4
20099,Candlewood,,Clare,0
20101,Menehune Reservations,Condo 218 - Home away from home in Maui,Kihei,5
20152,Riverside Lodge,,Canyonville,0
20165,Patalya Thermal Resort,Nice way to relax,Southport,3
20175,H��tel Les Bruy��res,Skiing,Lebanon,5
20211,Comfort Inn Birmingham - Irondale,Not up to par!,Birmingham,1
20284,Super 8 Madison,Don't be fooled by the exterior,Madison,4
20387,Holiday Inn Express & Suites West Monroe,"Stay at Holiday Inn Express & Suites W.Monroe,La",West Monroe,4
20479,Double Eagle Hotel and Casino,Would Not Go Back,Cripple Creek,2
20524,Rainbow Motel,,South Deerfield,0
20525,"Country Inn & Suites By Carlson, Rocky Mount, Nc",Room and breakfast just average,Rocky Mount,3
20565,Ip Casino Resort Spa,IP Stay,Biloxi,4
20957,La Quinta Inn & Suites Bryant,Great Stay,Bryant,5
21026,Travelodge Anaheim Convention Center,the worst hotel in Anaheim,Anaheim,1
21167,Hampton Inn Tucson-airport,"Clean, very comfortable accommodations",Tucson,5
21351,Beacon Motel,,Kiowa,0
21354,Wilshire Inn Motel,Go Somewhere Else!!!,Cushing,1
21356,Palm Suites,,Atlantic Beach,3
21457,Hampton Inn & Suites-downtown-tutwiler,"Another Hampton Inn, another complaint",Birmingham,4
21557,Narcis,can't say enough...,Guernsey,5
21580,La Quinta Inn and Suites Miami Cutler Bay,Amazing stay,Miami,5
21651,Courtyard Burlington Harbor,Exceeding Expectations!,Burlington,5
21719,Terrace Inns Suites,,El Cerrito,0
21720,Rapid City Days Inn,Woud not stay again,Rapid City,1
21723,Foxburg Inn,,Emlenton,0
21724,Aspen Haus Bed and Breakfast,Quiet and comfortable,Healy,4
21744,Fort's Cedar View,Soooo Quiet,Ulysses,5
21746,Best Western Eufaula Inn,Clean and friendly staff,Eufaula,5
21765,Terry Peak Ski Area,,Lead,0
21767,Super 8 - Effingham,"A ""Comfy"" Stay",Effingham,4
21836,Best Western Plus Kelly Inn,Best,Saint Cloud,5
21958,Days Inn Fort Wayne,hotel stay,Fort Wayne,2
22028,Courtyard Columbus Worthington,Awesome place,Columbus,5
22056,Super 8 Bradenton Sarasota Area,Good location,Bradenton,3
22118,Chalfant House,,Bishop,0
22119,Hotel Corpus Christi,horrible place,Corpus Christi,1
22123,Bay Haven Inn Bed Breakfast,,Port Clinton,0
22140,Best Western Plus Humboldt House Inn,Great stay,Garberville,5
22161,Red Lion Anaheim Maingate Hotel,Good at a discount rate only,Anaheim,4
22165,Albert's Motel,,Burnsville,0
22166,Octagon Inn,,Navajo Dam,5
22168,Budget Inn,,Herkimer,0
22169,Towneplace Suites,,Bowie,0
22170,Hitching Horse Inn,Highly recommend this bed and breakfast inn,Pierre,5
22178,Homewood Suites By Hilton Indpls Airport / Plainfield In,Trial run at new brand,Plainfield,5
22222,Kit Carson Lodge Restaurant,,Pioneer,0
22223,Watermark Bed Breakfast,,Wittman,0
22225,Super 8 - Upland,It was what it was.,Upland,3
22314,Microtel Inn Suites By Wyndham San Antonio By Seaworld,Affordable and Clean,San Antonio,5
22358,Comfort Hotel Bernau,New Year's Eve 2013,East Hickory,4
22362,Miami Executive Hotel,Romance and Value,Miami,5
22364,Extended Stay America Princeton - West Windsor,DO NOT GO HERE AT ALL!!!! If y...,Princeton,1
22366,Mercure Curitiba Golden Hotel,Muito bom,Curitiba,5
22421,Sheraton Baltimore North Hotels,,Towson,0
22430,Sids Resort,,Greenbush,0
22523,Hampton Inn & Suites Douglas,,Douglas,0
22547,Super 8 Big Cabin Vinita Ok,Perfect stay!,Vinita,5
22628,Radisson Blu Conference and Airport Hotel,Convenient to the airport,Englewood,4
22683,Days Inn North Columbia Ft. Jackson,clean and comfortable.,Blythewood,5
22743,Campanile Lyon Ecully,Chambre impeccable,Cozad,5
22790,La Brea Hotel,convenient place for night out cheaper rate...ppl that works here are really good.,Inglewood,4
22791,Microtel Inn By Wyndham Southern Pines,Nice for the price.,Southern Pines,3
22799,Homewood Suites Dallas-market Center,Fairly Good for the Fair,Dallas,4
22819,Websters Manor,Did not enjoy it.,Mullins,2
22916,Bethesda Gardens,,Saint Louis,0
22928,Bayside Resort Hotel,,West Yarmouth,4
23080,Super 8 Batesville Ar,OK to stay for the area.,Batesville,4
23149,Gateway Studios,,Champaign,0
23151,Sunset Inn,Flies were everywhere,Worthington,2
23157,Simpson House Inn,Such a charming property...,Santa Barbara,5
23283,Longville Inn,Super friendly,Longville,5
23290,A Bed & Breakfast In Cambridge,The host is great,Cambridge,4
23344,Clatskanie River Inn,Really nice stay in Clatskanie,Clatskanie,4
23398,Mountaintop Lodge Bed Breakfast,,Pocono Pines,0
23399,Inn At Mendenhall,A delightful couple days in the Brandywine Valley.,Mendenhall,5
23459,Roy-el Motel,,Wapello,0
23461,Comfort Inn and Suites Bend,,Bend,5
23524,Eaglecrest Ski Area,Quality ski area,Juneau,4
23546,Magnuson Hotel Summerton,The final remnants of a burned-out motel property.,Summerton,1
23549,La Quinta Inn and Suites Hopkinsville,,Hopkinsville,5
23615,Lindy Motel,,Coudersport,0
23617,Lighthouse Motel,the place is a dump. the rooms...,Toledo,1
23620,Cal Neva Resort,,Crystal Bay,0
23621,Park Terrace Suites,,Phoenix,3
23630,Super 8 Blackwell Ok,Nice Surprize!,Blackwell,4
23661,Sand Dunes Motel,"No enough room to detail, overall an F- . Real motels a mere 15 miles on.",Mosca,1
23662,Nantahala Cabins Inc,,Bryson City,0
23663,Holiday Inn,Better off sleeping in your rental car!,Springfield,2
23692,Cliffrose Lodge Gardens,Perfect Location for Visiting Zion,Springdale,5
23860,Super 8 Belle Fourche,,Belle Fourche,3
23924,Merritt House Inn,"Clean, and well maintained property.",Monterey,3
23984,Comfort Suites Shreveport,As expected,Shreveport,4
24005,Budget Host,,Interior,0
24009,Knights Inn - Wilmington,somewhat ok,Wilmington,3
24017,Pizza Hut,"Decent Prices, Slow Service",Redding,3
24022,Comfort Inn Montgomery,Decent hotel accomodations,Montgomery,3
24074,Spinners Tailspin Inn,,Kankakee,5
24075,Triangle Motel,Good Folkes,Alma,3
24076,Residence Inn By Marriott Hartford Downtown,Central location in renovated building,Hartford,4
24127,Great American Inn Suites,Meets expectations,Devils Lake,3
24137,Hunting Lodge,,Finleyville,0
24138,Keyser Inn Inc,,Keyser,0
24220,Patriots Inn,Great Stay,Williamsburg,5
24231,Super 8 Indianapolis,Great place to stay,Indianapolis,4
24297,Holiday Inn Express Lubbock South,Quiet Hotel with Easy Highway Access,Lubbock,4
24307,Stay Inn,nasty,West Palm Beach,1
24308,Southside Motel,Comfy stay,Tappahannock,4
24318,Residence Inn By Marriott Springdale,Clean hotel,Springdale,4
24372,La Playa,,Milwaukee,0
24373,Wingate By Wyndham Lagrange,Wedding,Lagrange,5
24414,Bear Cove Inn,Would never stay any where else,Saint Ignace,5
24425,Hyatt House Colorado Springs,,Colorado Springs,4
24506,Antlers Inn,Wonderful Hotel in a Beautiful Little Town,Walden,5
24525,Marylander Hotel Condo,Just Like Vacation Should Be,Ocean City,4
24577,Garden of The Gods Club & Resort,North Building Room #204,Colorado Springs,5
24749,Sands Central Inn Hot Springs,Amazing Place In General,Hot Springs National Park,5
24753,Hamton Inn New Orleans Westbank,,Harvey,0
24831,Vacation Side Travel,,Goodlettsville,5
24835,Holiday Inn Express - Hillsboro,Excellent Stay.,Hillsboro,5
24889,Sky Vue Motel,,Alamosa,0
24890,Blue Boar Inn,Wunderbar!,Midway,5
24907,Hampton Inn Ft Chiswell,home ward bound.,Max Meadows,4
24945,Fitzgerald's Restaurant,,Mohawk,0
24947,Super 8 Fort Collins,Average,Fort Collins,4
25036,Inter-hotel Orl��ans Nord,S��jour d'affaires,Portland,4
25095,Clarion Inn Strasburg - Lancaster,,Strasburg,0
25096,Red Roof Inn Erie,Descent room,Erie,4
25340,The Parkview Memphis,,Memphis,0
25342,"Club Quarters, Rockefeller Center",,New York,3
25343,Hampton Inn Dublin,Surpassed all expectations,Dublin,5
25421,Agate Beach Motel,Quaint little cottage,Newport,4
25442,Newark Budget Inn,,Newark,0
25443,Knights Inn Eau Claire,Our Motel Of Choice In The Eau Claire Area,Eau Claire,5
25499,Laurel Manor Motel,,Jennerstown,0
25500,Hampton Inn and Suites Annapolis,,Annapolis,5
25672,Mineola Motel,Nice place,Little River,5
25674,Towneplace Suites Albany University Area,Nice clean hotel.,Albany,4
25797,Monterey Beach Dunes Inn,Quality Inn? Not so much.,Marina,2
25891,H��tel Sezz Paris,"Sch��nes Design, teilweise abgenutzt",Irving,4
25988,Super 8 Kansas City Airport,,Kansas City,2
26059,Best Western Hotel De Neuville,Very nice hotel we had a very good time .,Irving,5
26121,Mccamly Plaza Hotel,Hotel-Rating 1*,Battle Creek,1
26206,Wingate By Wyndham Pueblo,Pueblo----stay,Pueblo,4
26326,Days Inn Lincolnton,Dirty and loud. My dog's boarding kennel is nicer.,Lincolnton,1
26345,Hotel Roc Flamingo,St��yende underholdning om sommeren,Abbeville,3
26414,Lexington Inn,,Hammond,0
26415,"Nippersink Country Club, Inc.",Couldn't have been better!,Genoa City,5
26430,Sterling Motel,Worst smell,Austin,1
26435,Campus Inn & Suites Eugene Downtown,Love this place!,Eugene,5
26531,Mt. Washington Bed and Breakfast,Warm and Frienly,Gorham,4
26547,Super 8 Metropolis,Basic but good,Metropolis,4
26635,Melody Lodge Cabins,,Silverthorne,0
26636,Sand's Motel,"Nice, clean and what we needed",Portales,5
26640,Travelodge Ruther Glen,Yuck,Ruther Glen,1
26661,Hotel Garibaldi,2 Night Stay in Venice,Silver Creek,5
26749,Central House,,Bar Harbor,0
26751,The Concorde Inn,Family,Clinton Township,4
26764,Economy Motel,,Fort Walton Beach,0
27099,Irish House Hotel,,Mount Sterling,0
27100,Clubhouse At River Country Est,,Piney Creek,0
27102,Sleep Inn At Harbour View,My stay,Little River,5
27177,Hotel Lavonia,,Lavonia,5
27214,Courtyard By Marriott Rockaway Mount Arlington,,Mount Arlington,3
27284,Fiesta Inn and Suites,HORRIBLE HORRIBLE HORRIBLE! !!!!,San Antonio,1
27889,P K Motel,,Effingham,0
27892,Candlewood Suites Indianapolis Northwest,Comfortable,Indianapolis,4
27915,Holiday Inn Fond Du Lac,Nice hotel close to air show.,Fond Du Lac,4
28068,Arizona Inn of Prescott Valley,"Nothing fancy, but very good and we were pleased",Prescott Valley,4
28163,Koehne Dexter Terrie,,Rapid City,0
28164,Microtel Inn and Suites By Wyndham Burlington,A short visit down south,Burlington,4
28238,The Inn At Bella Vista,wonderful hostess,Bella Vista,5
28278,Brasstown Valley Golf Club,,Young Harris,0
28280,Quality Inn Long Beach Airport,,Signal Hill,5
28371,Calloway Inn,,Baton Rouge,0
28372,Grandison Bed Breakfast,Beautiful BB with antique furnishings!,Oklahoma City,5
28375,Twin Gables of Woodstock,Charming Inn in Perfect Location,Woodstock,5
28510,Baymont Inn and Suites Boone,Family weekend,Boone,2
28593,Springhill Suites Marriott Colorado Springs South,Good for a quick overnight,Colorado Springs,3
28619,Brightwood Inn Country Inn,,Oglesby,5
28641,Motel 6 Fort Bragg,Not bad...not great,Fort Bragg,3
28661,Westernaire Motel,"Very old hotel, but its not bad to live in for 4 months",Mesa,3
28663,Super 8 Columbia East,Excellent value - pleasant stay,Columbia,5
28680,Holiday Inn Express Hotel and Suites Va Beach Oceanfront,DID NOT GET WHAT I BOOKED,Virginia Beach,2
28909,Hotel Valencia Santana Row,Nice rooms but way too noisy,San Jose,1
29426,Holiday Inn Express & Suites Willows,,Willows,5
29427,Hampton Inn Grand Junction Downtown/historic Main Street,We slept in an ash tray,Grand Junction,1
29489,Holiday Inn Express Suites Floresville,,Floresville,0
29490,Villager Inn Motel,Avoid at all costs!,Selma,1
29492,Lamothe House,"Authentic French Quarter, clean accommodations!",New Orleans,5
29589,Dor-shada Resort By The Sea,Looking for another place,Washington,2
29600,Hi-way Inn of Kiowa,,Kiowa,0
29601,Sleep Inn Slidell,Nice Room,Slidell,4
29655,Knights Inn New Castle/wilmington,Worst place ever. Stay Away,New Castle,1
29658,"La Posada Lodge & Casitas, An Ascend Hotel Collection Member",,Tucson,1
29660,Comfort Inn Huntingdon,,Huntingdon,5
29733,Mericana Motel,,Fort Madison,0
29753,Quality Inn and Suites Irvine Spectrum,,Lake Forest,5
29874,Marriott Springhill Marina,,Marina,0
29875,Hampton Inn Suites Columbus,College look see trip,Columbus,1
29892,Intown Suites Nashville North,"Dirty room, dirty carpet and smelly bed.",Hendersonville,1
29896,The Desmond House Bed & Breakfast,,Redding,0
29897,The Booker-lewis,Great service,Leesville,5
29917,Shamrock Hill Inn,,Long Eddy,0
29918,Econo Lodge Bellmawr,ok for the price,Bellmawr,3
29975,Crossland Economy Studios - Lake Charles - Sulphur,Good price for quality,Sulphur,4
30038,Hotel Columbia,Location! Location!,Telluride,5
30085,Raton Pass Inn,"Quaint, Clean, Reasonable",Raton,5
30098,Sumner Motor Inn,Eh Just OK,Sumner,2
30176,Best Western Silicon Valley Inn,Work,Sunnyvale,4
30231,Days Inn Lanham Washington Dc,,Lanham,5
30300,Cliffs 7305 By Redawning,Our amazing trip to Kauai,Princeville,4
30313,La Quinta Inn Auburn Worcester,Hometown Visit,Auburn,3
30533,Dockers Inn,,Branson,4
30670,Spring Bay Inn,,Olga,0
30780,Anaheim Marriott Suites,"Excellent Location, Excellent Experience, Excellent Price",Garden Grove,5
31055,Monarch Inn,Pricey hotel but close to Yosemite,Mariposa,4
31125,Yakima Inn,,Yakima,1
31131,Wingate By Wyndham Chantilly / Dulles Airport,Quiet and comfortable not far from Dulles.,Chantilly,4
31207,Days Inn and Suites Albany,Better this time around!!,Albany,4
31318,Holiday Inn Express San Clemente,Nice and quiet but close to main attractions,San Clemente,5
31469,The Westin Buckhead,Great location and wonderful time with family,Atlanta,5
31533,Hyatt Place Atlanta/alpharetta/north Point Mall,FIRST CLASS ALL THE WAY!,Alpharetta,5
31678,Eldorado Inn,Do to the interstate highways being close,Baker City,3
31689,Americas Best Value Inn - Medical Center/airport,Great location!,El Paso,3
31774,Outside Inn,Buy beer by the bottle,Las Vegas,3
31776,Point Randall Resort,Anniversary Getaway,Lake Ozark,5
31797,Courtyard By Marriott Downtown Boise,Boise Trip,Boise,4
31915,Crossroads Hotel,A great place to scare your kids,Chicago,1
31916,Helios Resort,Great LIttle Hideaway,Palm Springs,3
31918,Best Western Plus Circle Inn,Our Stay in enterprise Alabama,Enterprise,5
31940,Fairfield Inn and Suites By Marriott Idaho Falls,Super Clean & GREAT Breakfast!,Idaho Falls,4
31986,Greenstay Hotel and Suites,Good value,Springfield,5
32064,Pine Shadows Motel,,West Yellowstone,0
32136,Residence Inn By Marriott Fort Lauderdale Weston,Nice and convenient,Fort Lauderdale,4
32224,Petretti Apartments,,Kenosha,1
32239,40 Berkeley Hostel,"Excellent location, but not frills",Boston,3
32402,Welcome Inn Apartments,,Parkville,0
32403,Candlewood Suites Lexington,home away from home,Lexington,5
32440,Quinta Real Acapulco,Hotel agradable pero falta mantenimiento,Whigham,3
32497,Forest Hill Inn,"Delicious breakfast, but not a great choice for a light sleeper.",Stevens,3
32504,Clarion Suites Philadelphia,BEDBUGS!,Philadelphia,2
32514,Sportsmen's Lodge,Great Price Weird Smell,Studio City,3
32669,Port-o-call Motel,,Rockaway Beach,0
32670,Drury Inn and Suites Columbus Convention Center,"Great Location, Great Business Hotel.",Columbus,5
32871,Avalon Hotel Group,,Gonzales,0
32872,Elba Sara Beach & Golf Resort,Store og fine rom med utsikt til sj��,Anderson,5
32909,Good Nite Inn Rohnert Park,,Rohnert Park,1
33069,The Merritt Center and Lodge,Spirit Recovery!,Payson,5
33070,Rustic Inn,The Rustic Inn,Ely,5
33088,Liberty Lodge,,Hayward,0
33092,Comfort Suites Fort Pierce,Perfect for a quick stop off the interstate,Fort Pierce,4
33152,Twin Pines Motel,NASTY HORRIBLE PLACE!!,Indiana,1
33161,Best Western Hartford Hotel & Suites,Truck'in,Hartford,5
33237,Courtyard By Marriott,Modern and nice,Fitchburg,4
33238,La Quinta Inn and Suites Meridian,what was that smell but all was well,Meridian,4
33339,Residence Inn By Marriott Tucson Williams Centre,,Tucson,5
33395,Red Roof Inn Cedar Rapids,Basic but nice.,Cedar Rapids,5
33503,Lewis River Inn,"Nice, Clean Hotel on the Lewis River",Woodland,4
33534,Tmc Resort Rentals,,Montgomery,0
33619,Homewood Suites By Hilton Albuquerque - Journal Center,Comfy and Friendly,Albuquerque,4
33669,Desert Motel Restaurant,Desert Motel Wellton Az.,Wellton,5
33703,West Side Motel,,Casper,0
33706,Casa Del Mar Inn Bandb,Working in SB,Santa Barbara,4
33801,Holiday Inn Express and Suites Gahanna/columbus Airport E,wrost experience,Columbus,1
33879,Rodeway Inn Near Venice Beach,,Los Angeles,0
33881,Econo Lodge Miles City,Comfortable and clean.,Miles City,5
33958,Atlanta Marriott Northwest At Galleria,,Atlanta,0
33959,Ibis Wuerzburg City,spacious room,Gresham,3
34021,Hotel Eug��ne En Ville,Nice hotel but smaller rooms.,Celina,4
34086,Super 8 Chicago O'hare Airport,,Elk Grove Village,5
34088,Comfort Inn and Suites,Very nice place to rest while on the road,Black River Falls,5
34157,Pine Motel,Nasty,Bordentown,1
34158,Nesco Manor Hotel,,Drums,0
34159,Busy B Ranch,,Jefferson,0
34160,Best Western University Inn & Suites,good hotel,Forest Grove,5
34199,Starwood Resorts Hotel,,Fall River,0
34200,City Express Irapuato,���������������������������,Mobile,3
34255,The Lake Point Conference Center,Excellent conference facility,Russellville,5
34265,Super 8 Gretna,Clean and Comfortable,Gretna,3
34284,Royal Dutch Inn,Amazing views,Dutch Harbor,4
34288,Sea View Motel,Great low key spot,Ogunquit,5
34323,Castle Kona Reef,Right on the beach.,Kailua Kona,4
34388,Brookside Motel,,Hill City,0
34446,Acorn Motor Inn,"Comfy place to stay, sketchy vibe",Oak Harbor,3
34466,Torian Plum By Wyndham Vacation Rentals,,Steamboat Springs,0
34467,The Savoy Hotel,"Quiet, Spacious Hotel",Miami Beach,4
34569,Holiday Inn Express & Suites Crossville,,Crossville,4
34623,Holiday Inn Express Hotel and Suites Hesperia,,Hesperia,5
34699,Best Western Saint-etienne Aeroport,,Park City,5
34749,River Oaks Golf Villas,,Myrtle Beach,0
34751,Holiday Inn Victorville,"Nice, nice, NICE",Victorville,4
34822,Quality Inn and Suites Big Rapids,Good Deal,Big Rapids,4
34897,Residence Inn Burlington Colchester,"Great Stay, comfortable and clean hotel. Like a second residence!",Colchester,5
34917,Wakonda Hotel & Bar,,Wakonda,0
34991,Inturotel Esmeralda Park,Very good hotel for families with young children.,Ridgefield Park,5
35051,Knights Inn Carmel Hill,I always seek to stay here.,Monterey,4
35132,Five Seasuns Bed & Breakfast Inn,Great BB,Port Angeles,5
35144,Summit At Big Sky,Ski trip while visiting MSU,Big Sky,5
35176,Holiday Inn Express Hotel and Suites Cambridge,Good,Cambridge,5
35358,Breakers Hotel,,Rehoboth Beach,1
35360,Holiday Inn Express Hotel & Suites Emporia,,Emporia,4
35419,The Dec,,Aberdeen,0
35420,Lazy T Motel,A clean place to sleep,Junction,3
35422,Cherokee Lodge Bed and Breakfast,Perfect location for that quiet weekend,Coronado,5
35512,Sonoma Coast Villa Spa,,Bodega Bay,5
35522,Ambassador Inn Albuquerque,Disappointing,Albuquerque,1
35528,Quality Inn Gulfport,Mississippi Cost,Gulfport,5
35592,Residence Inn By Marriott Deptford,,West Deptford,4
35651,Rock A Bye Inn,,Tigerton,0
35671,Holiday Inn Express Hotel and Suites Meadowlands Area,"Great hotel, close to NY",Carlstadt,5
35741,Sky-lit Motel,just terrible,Green Bay,1
35743,Simoni's Fremont Inn,,Stockton,0
35910,Extended Stay America Grand Rapids - Kentwood,,Grand Rapids,0